time,open,high,low,close,Volume,Volume MA,Basis,Upper,Lower,Basis,Upper,Lower
1586476800,0.83885883,1.3134866,0.71170073,0.94618057,0,NaN,NaN,NaN,NaN,NaN,NaN,NaN
1586563200,0.94618057,1.04518209,0.77462772,0.77462772,0,NaN,NaN,NaN,NaN,NaN,NaN,NaN
1586649600,0.77462772,0.9501701,0.76683695,0.92660596,0,NaN,NaN,NaN,NaN,NaN,NaN,NaN
1586736000,0.92660596,0.92660596,0.77621482,0.77621482,0,NaN,NaN,NaN,NaN,NaN,NaN,NaN
1586822400,0.77621482,0.78866493,0.6312792,0.66062874,0,NaN,NaN,NaN,NaN,NaN,NaN,NaN
1586908800,0.66062874,0.70257787,0.62153146,0.64512964,0,NaN,NaN,NaN,NaN,NaN,NaN,NaN
1586995200,0.64512964,0.76443764,0.62550077,0.6843735,0,NaN,NaN,NaN,NaN,NaN,NaN,NaN
1587081600,0.6843735,0.71649499,0.66143213,0.66561212,0,NaN,NaN,NaN,NaN,NaN,NaN,NaN
1587168000,0.66561212,0.71155332,0.66098252,0.68333372,0,NaN,NaN,NaN,NaN,NaN,NaN,NaN
1587254400,0.68333372,0.68333372,0.60598194,0.61575342,0,NaN,NaN,NaN,NaN,NaN,NaN,NaN
1587340800,0.61575342,0.63874812,0.52552388,0.54402367,0,NaN,NaN,NaN,NaN,NaN,NaN,NaN
1587427200,0.54402367,0.59569574,0.51233036,0.5855661,0,NaN,NaN,NaN,NaN,NaN,NaN,NaN
1587513600,0.5855661,0.69967568,0.57159499,0.68730206,0,NaN,NaN,NaN,NaN,NaN,NaN,NaN
1587600000,0.68730206,0.69160092,0.60345427,0.61624491,0,NaN,NaN,NaN,NaN,NaN,NaN,NaN
1587686400,0.61624491,0.66159829,0.61624491,0.6302414,0,NaN,NaN,NaN,NaN,NaN,NaN,NaN
1587772800,0.6302414,0.66386117,0.6229169,0.65114493,0,NaN,NaN,NaN,NaN,NaN,NaN,NaN
1587859200,0.65114493,0.68691358,0.63207942,0.6404291,0,NaN,NaN,NaN,NaN,NaN,NaN,NaN
1587945600,0.6404291,0.6570517,0.5752558,0.5780014,0,NaN,NaN,NaN,NaN,NaN,NaN,NaN
1588032000,0.5780014,0.69181415,0.56885865,0.66440986,0,NaN,NaN,NaN,NaN,NaN,NaN,NaN
1588118400,0.66440986,0.76676081,0.65865593,0.73940271,0,0,NaN,NaN,NaN,NaN,NaN,NaN
1588204800,0.73940271,0.79653194,0.70689575,0.71325601,0,0,NaN,NaN,NaN,NaN,NaN,NaN
1588291200,0.71325601,0.7339439,0.68727341,0.72306182,0,0,NaN,NaN,NaN,NaN,NaN,NaN
1588377600,0.72306182,0.74040186,0.70951737,0.71030768,0,0,NaN,NaN,NaN,NaN,NaN,NaN
1588464000,0.71030768,0.72658687,0.65855792,0.68818751,0,0,NaN,NaN,NaN,NaN,NaN,NaN
1588550400,0.68818751,0.70302175,0.62204967,0.66898864,0,0,NaN,NaN,NaN,NaN,NaN,NaN
1588636800,0.66898864,0.68072529,0.62849484,0.64441386,0,0,NaN,NaN,NaN,NaN,NaN,NaN
1588723200,0.64441386,0.6710703,0.63192758,0.63492264,0,0,NaN,NaN,NaN,NaN,NaN,NaN
1588809600,0.63492264,0.63492264,0.57795126,0.60374361,0,0,NaN,NaN,NaN,NaN,NaN,NaN
1588896000,0.60374361,0.63239578,0.58985179,0.60669253,0,0,NaN,NaN,NaN,NaN,NaN,NaN
1588982400,0.60669253,0.62293104,0.58900461,0.60851645,0,0,NaN,NaN,NaN,NaN,NaN,NaN
1589068800,0.60851645,0.60851645,0.51751288,0.53308236,0,0,NaN,NaN,NaN,NaN,NaN,NaN
1589155200,0.53308236,0.57180362,0.50519364,0.51566259,0,0,NaN,NaN,NaN,NaN,NaN,NaN
1589241600,0.51566259,0.55736886,0.50677921,0.53563811,0,0,NaN,NaN,NaN,NaN,NaN,NaN
1589328000,0.53563811,0.5645985,0.52150907,0.55267699,0,0,NaN,NaN,NaN,NaN,NaN,NaN
1589414400,0.55267699,0.57874991,0.55119629,0.57108076,0,0,NaN,NaN,NaN,NaN,NaN,NaN
1589500800,0.57108076,0.57108076,0.54964953,0.55841249,0,0,NaN,NaN,NaN,NaN,NaN,NaN
1589587200,0.55841249,0.6039021,0.55436078,0.59680439,0,0,NaN,NaN,NaN,NaN,NaN,NaN
1589673600,0.59680439,0.63634195,0.58917513,0.61218428,0,0,NaN,NaN,NaN,NaN,NaN,NaN
1589760000,0.61218428,0.66792203,0.61218428,0.65004411,0,0,NaN,NaN,NaN,NaN,NaN,NaN
1589846400,0.65004411,0.65431908,0.61321122,0.62600375,0,0,NaN,NaN,NaN,NaN,NaN,NaN
1589932800,0.62600375,0.62600375,0.57806341,0.58305017,0,0,NaN,NaN,NaN,NaN,NaN,NaN
1590019200,0.58305017,0.61042878,0.55408924,0.61042878,0,0,NaN,NaN,NaN,NaN,NaN,NaN
1590105600,0.61042878,0.65686521,0.58388988,0.63619733,0,0,NaN,NaN,NaN,NaN,NaN,NaN
1590192000,0.63619733,0.63870467,0.59671342,0.61034434,0,0,NaN,NaN,NaN,NaN,NaN,NaN
1590278400,0.61034434,0.61034434,0.55001517,0.55001517,0,0,NaN,NaN,NaN,NaN,NaN,NaN
1590364800,0.55001517,0.62849571,0.5417847,0.60448414,0,0,NaN,NaN,NaN,NaN,NaN,NaN
1590451200,0.60448414,0.61085847,0.56798754,0.57385521,0,0,NaN,NaN,NaN,NaN,NaN,NaN
1590537600,0.57385521,0.61103328,0.57165734,0.59197169,0,0,NaN,NaN,NaN,NaN,NaN,NaN
1590624000,0.59197169,0.59237009,0.5674359,0.57691275,0,0,NaN,NaN,NaN,NaN,NaN,NaN
1590710400,0.57691275,0.58952568,0.56780094,0.57838457,0,0,NaN,NaN,NaN,NaN,NaN,NaN
1590796800,0.57838457,0.59965919,0.5670501,0.58603084,0,0,NaN,NaN,NaN,NaN,NaN,NaN
1590883200,0.58603084,0.5939975,0.56949593,0.57468089,0,0,NaN,NaN,NaN,NaN,NaN,NaN
1590969600,0.57468089,0.58637135,0.56812533,0.57634015,0,0,NaN,NaN,NaN,NaN,NaN,NaN
1591056000,0.57634015,0.58755116,0.55312332,0.56773312,0,0,NaN,NaN,NaN,NaN,NaN,NaN
1591142400,0.56773312,0.58835359,0.56466943,0.58795917,0,0,NaN,NaN,NaN,NaN,NaN,NaN
1591228800,0.58795917,0.59066455,0.5655904,0.58635855,0,0,NaN,NaN,NaN,NaN,NaN,NaN
1591315200,0.58635855,0.69471281,0.57855611,0.661711,0,0,NaN,NaN,NaN,NaN,NaN,NaN
1591401600,0.661711,0.66214317,0.61702154,0.61929668,0,0,NaN,NaN,NaN,NaN,NaN,NaN
1591488000,0.61929668,0.62358273,0.59577396,0.6153893,0,0,NaN,NaN,NaN,NaN,NaN,NaN
1591574400,0.6153893,0.67286704,0.61411972,0.66754216,0,0,NaN,NaN,NaN,NaN,NaN,NaN
1591660800,0.66754216,0.66754216,0.63011816,0.6565143,0,0,NaN,NaN,NaN,NaN,NaN,NaN
1591747200,0.6565143,0.66987072,0.63471529,0.64882703,0,0,NaN,NaN,NaN,NaN,NaN,NaN
1591833600,0.64882703,0.65026993,0.57262238,0.57262238,0,0,NaN,NaN,NaN,NaN,NaN,NaN
1591920000,0.57262238,0.60259983,0.5702073,0.59526082,0,0,NaN,NaN,NaN,NaN,NaN,NaN
1592006400,0.59526082,0.60913211,0.58572394,0.60913211,0,0,NaN,NaN,NaN,NaN,NaN,NaN
1592092800,0.60913211,0.61819598,0.58159602,0.58661186,0,0,NaN,NaN,NaN,NaN,NaN,NaN
1592179200,0.58661186,0.591228,0.54946072,0.57445442,0,0,NaN,NaN,NaN,NaN,NaN,NaN
1592265600,0.57445442,0.5880686,0.56986381,0.58503677,0,0,NaN,NaN,NaN,NaN,NaN,NaN
1592352000,0.58503677,0.58951835,0.56530439,0.58238583,0,0,NaN,NaN,NaN,NaN,NaN,NaN
1592438400,0.58238583,0.64648685,0.57994013,0.62041388,0,0,NaN,NaN,NaN,NaN,NaN,NaN
1592524800,0.62041388,0.80089657,0.62041388,0.6830999,0,0,NaN,NaN,NaN,NaN,NaN,NaN
1592611200,0.6830999,0.68858347,0.62562572,0.64609643,0,0,NaN,NaN,NaN,NaN,NaN,NaN
1592697600,0.64609643,0.74617739,0.63792032,0.67402938,0,0,NaN,NaN,NaN,NaN,NaN,NaN
1592784000,0.67402938,0.7431131,0.64903542,0.72650868,0,0,NaN,NaN,NaN,NaN,NaN,NaN
1592870400,0.72650868,0.75422973,0.70177229,0.70805509,0,0,NaN,NaN,NaN,NaN,NaN,NaN
1592956800,0.70805509,0.79013494,0.69498109,0.73955701,0,0,NaN,NaN,NaN,NaN,NaN,NaN
1593043200,0.73955701,0.75623937,0.70103862,0.713633,0,0,NaN,NaN,NaN,NaN,NaN,NaN
1593129600,0.713633,0.75199194,0.68614026,0.7390653,0,0,NaN,NaN,NaN,NaN,NaN,NaN
1593216000,0.7390653,0.75200635,0.68838344,0.71452216,0,0,NaN,NaN,NaN,NaN,NaN,NaN
1593302400,0.71452216,0.8439765,0.68721835,0.80069922,0,0,NaN,NaN,NaN,NaN,NaN,NaN
1593388800,0.80069922,0.88185721,0.77069804,0.85370131,0,0,NaN,NaN,NaN,NaN,NaN,NaN
1593475200,0.85370131,1.00037669,0.85194941,0.87406589,0,0,NaN,NaN,NaN,NaN,NaN,NaN
1593561600,0.87406589,0.89812773,0.82348379,0.83409603,0,0,NaN,NaN,NaN,NaN,NaN,NaN
1593648000,0.83409603,0.83570116,0.76154196,0.78131496,0,0,NaN,NaN,NaN,NaN,NaN,NaN
1593734400,0.78131496,0.78561541,0.75611935,0.76606813,0,0,NaN,NaN,NaN,NaN,NaN,NaN
1593820800,0.76606813,0.82211305,0.76145076,0.77854839,0,0,NaN,NaN,NaN,NaN,NaN,NaN
1593907200,0.77854839,0.78008481,0.65084215,0.69073738,0,0,NaN,NaN,NaN,NaN,NaN,NaN
1593993600,0.69073738,0.71795056,0.68922867,0.70993676,0,0,NaN,NaN,NaN,NaN,NaN,NaN
1594080000,0.70993676,0.77729731,0.70355945,0.75311684,0,0,NaN,NaN,NaN,NaN,NaN,NaN
1594166400,0.75311684,0.82752289,0.74661462,0.79443582,0,0,NaN,NaN,NaN,NaN,NaN,NaN
1594252800,0.79443582,0.87482719,0.76857511,0.85571994,0,0,NaN,NaN,NaN,NaN,NaN,NaN
1594339200,0.85571994,0.93834241,0.8431142,0.91399955,0,0,NaN,NaN,NaN,NaN,NaN,NaN
1594425600,0.91399955,0.92617143,0.86016366,0.92298888,0,0,NaN,NaN,NaN,NaN,NaN,NaN
1594512000,0.92298888,1.12959373,0.91486898,1.01603199,0,0,NaN,NaN,NaN,NaN,NaN,NaN
1594598400,1.01603199,1.28132841,1.01006024,1.17851369,0,0,NaN,NaN,NaN,NaN,NaN,NaN
1594684800,1.17851369,1.22643406,1.11958579,1.14187269,0,0,NaN,NaN,NaN,NaN,NaN,NaN
1594771200,1.14187269,1.38007189,1.14145756,1.29762743,0,0,NaN,NaN,NaN,NaN,NaN,NaN
1594857600,1.29762743,1.37083755,0.94918407,0.94918407,0,0,NaN,NaN,NaN,NaN,NaN,NaN
1594944000,0.94918407,1.04572912,0.81613182,0.9801685,0,0,NaN,NaN,NaN,NaN,NaN,NaN
1595030400,0.9801685,0.999656,0.93635608,0.96862271,0,0,NaN,NaN,NaN,NaN,NaN,NaN
1595116800,0.96862271,0.96862271,0.8999878,0.91990425,0,0,NaN,NaN,NaN,NaN,NaN,NaN
1595203200,0.91990425,0.91990425,0.85349604,0.87172784,0,0,NaN,NaN,NaN,NaN,NaN,NaN
1595289600,0.87172784,0.99529723,0.86092462,0.97715977,0,0,NaN,NaN,NaN,NaN,NaN,NaN
1595376000,0.97715977,1.09026951,0.97432181,1.04281346,0,0,NaN,NaN,NaN,NaN,NaN,NaN
1595462400,1.04281346,1.09535546,1.00095776,1.05696161,0,0,NaN,NaN,NaN,NaN,NaN,NaN
1595548800,1.05696161,1.05696161,0.97575989,0.99559286,0,0,NaN,NaN,NaN,NaN,NaN,NaN
1595635200,0.99559286,1.42998558,0.9953455,1.24894719,0,0,NaN,NaN,NaN,NaN,NaN,NaN
1595721600,1.24894719,1.61859582,1.24219874,1.61321077,0,0,NaN,NaN,NaN,NaN,NaN,NaN
1595808000,1.61321077,2.055,1.56510969,1.7875,751307.295,37565.36475,NaN,NaN,NaN,NaN,NaN,NaN
1595894400,1.7875,1.875,1.61,1.79,234539.3175,49292.330625,NaN,NaN,NaN,NaN,NaN,NaN
1595980800,1.79,2.1125,1.58,1.66,342655.52,66425.106625,NaN,NaN,NaN,NaN,NaN,NaN
1596067200,1.66,1.8,1.6225,1.685,221254.2925,77487.82125000001,NaN,NaN,NaN,NaN,NaN,NaN
1596153600,1.685,1.695,1.4925,1.5225,150606.745,85018.15849999999,NaN,NaN,NaN,NaN,NaN,NaN
1596240000,1.5225,1.67,1.485,1.5325,90526.9125,89544.504125,NaN,NaN,NaN,NaN,NaN,NaN
1596326400,1.5325,1.76,1.41,1.73,148915.63,96990.28562499999,NaN,NaN,NaN,NaN,NaN,NaN
1596412800,1.73,1.845,1.665,1.8025,163828.975,105181.734375,NaN,NaN,NaN,NaN,NaN,NaN
1596499200,1.8025,1.96,1.785,1.86,166309.4025,113497.20449999999,NaN,NaN,NaN,NaN,NaN,NaN
1596585600,1.86,1.9,1.71,1.76,41856.575,115590.03325000001,NaN,NaN,NaN,NaN,NaN,NaN
1596672000,1.76,2.2325,1.75,2.19,206721.295,125926.098,NaN,NaN,NaN,NaN,NaN,NaN
1596758400,2.19,2.2075,1.87,2.0825,207168.035,136284.49975000002,NaN,NaN,NaN,NaN,NaN,NaN
1596844800,2.0825,2.5775,2.0175,2.47,293702.94,150969.64675,NaN,NaN,NaN,NaN,NaN,NaN
1596931200,2.47,2.7175,2.2825,2.6625,181882.47,160063.77025,NaN,NaN,NaN,NaN,NaN,NaN
1597017600,2.6625,3.405,2.4975,3.1225,1185967.9775,219362.16912500001,NaN,NaN,NaN,NaN,NaN,NaN
1597104000,3.1225,3.51,2.75,3.29,1431500.87,290937.21262500004,NaN,NaN,NaN,NaN,NaN,NaN
1597190400,3.29,3.9275,3.0775,3.7325,711627.82,326518.60362500005,NaN,NaN,NaN,NaN,NaN,NaN
1597276800,3.7325,4.135,3.5,3.72,918338.9775,372435.55250000005,NaN,NaN,NaN,NaN,NaN,NaN
1597363200,3.72,3.7775,3.315,3.415,368428.93,390856.999,NaN,NaN,NaN,NaN,NaN,NaN
1597449600,3.415,3.735,3.1425,3.1675,263684.49,404041.2235,NaN,NaN,NaN,NaN,NaN,NaN
1597536000,3.1675,3.49,3.13,3.39,401328.9975,386542.308625,NaN,NaN,NaN,NaN,NaN,NaN
1597622400,3.39,3.3975,3.095,3.105,388144.8325,394222.584375,NaN,NaN,NaN,NaN,NaN,NaN
1597708800,3.105,3.69,2.86,3.335,761006.57,415140.136875,NaN,NaN,NaN,NaN,NaN,NaN
1597795200,3.335,3.5,2.855,2.93,494545.4,428804.69225,NaN,NaN,NaN,NaN,NaN,NaN
1597881600,2.93,3.4575,2.93,3.215,767177.475,459633.22875000007,NaN,NaN,NaN,NaN,NaN,NaN
1597968000,3.215,3.245,2.9375,3,730783.12,491646.039125,NaN,NaN,NaN,NaN,NaN,NaN
1598054400,3,3.22,2.79,3.045,289789.2675,498689.721,NaN,NaN,NaN,NaN,NaN,NaN
1598140800,3.045,3.46,3.0225,3.2825,313716.5275,506184.098625,NaN,NaN,NaN,NaN,NaN,NaN
1598227200,3.2825,3.63,3.2225,3.34,479656.7675,521851.46687500004,NaN,NaN,NaN,NaN,NaN,NaN
1598313600,3.34,3.37,2.99,3.26,295483.03,534532.789625,NaN,NaN,NaN,NaN,NaN,NaN
1598400000,3.26,3.8,3.19,3.5575,586267.215,553510.0856250001,NaN,NaN,NaN,NaN,NaN,NaN
1598486400,3.5575,3.86,3.26,3.4475,392310.7725,562767.2225,NaN,NaN,NaN,NaN,NaN,NaN
1598572800,3.4475,4.31,3.4475,4.0025,600700.5825,578117.104625,NaN,NaN,NaN,NaN,NaN,NaN
1598659200,4.0025,4.115,3.77,3.9575,342660.045,586155.9833750001,NaN,NaN,NaN,NaN,NaN,NaN
1598745600,3.9575,4.7,3.91,4.42,821464.3925,567930.804125,NaN,NaN,NaN,NaN,NaN,NaN
1598832000,4.42,4.88,4.085,4.755,859481.3025,539329.8257500001,NaN,NaN,NaN,NaN,NaN,NaN
1598918400,4.755,4.9625,4.31,4.3175,530960.585,530296.464,NaN,NaN,NaN,NaN,NaN,NaN
1599004800,4.3175,4.3525,3.6,4.185,1008237.5375,534791.3920000001,NaN,NaN,NaN,NaN,NaN,NaN
1599091200,4.185,4.455,3.4175,3.4975,1203465.125,576543.2017500001,NaN,NaN,NaN,NaN,NaN,NaN
1599177600,3.4975,3.8375,3.08,3.5525,697506.055,598234.28,NaN,NaN,NaN,NaN,NaN,NaN
1599264000,3.5525,3.665,2.0325,2.5775,896602.3175,622997.9460000001,NaN,NaN,NaN,NaN,NaN,NaN
1599350400,2.5775,3.125,2.25,3.04,424836.995,624832.554125,NaN,NaN,NaN,NaN,NaN,NaN
1599436800,3.04,3.145,2.345,2.9425,285245.275,601044.4893750001,NaN,NaN,NaN,NaN,NaN,NaN
1599523200,2.9425,2.9575,2.3825,2.465,79737.32,580304.085375,NaN,NaN,NaN,NaN,NaN,NaN
1599609600,2.465,3.8375,2.3725,3.6,513020.6175,567596.2425,NaN,NaN,NaN,NaN,NaN,NaN
1599696000,3.6,3.8525,3.2975,3.46,464513.73,554282.7730000002,NaN,NaN,NaN,NaN,NaN,NaN
1599782400,3.4525,3.52,3.025,3.42,284349.2575,554010.7725000002,NaN,NaN,NaN,NaN,NaN,NaN
1599868800,3.42,3.485,3.155,3.325,132292.7775,544939.5850000002,NaN,NaN,NaN,NaN,NaN,NaN
1599955200,3.325,3.4725,2.985,3.2575,102679.915,526090.7423750001,NaN,NaN,NaN,NaN,NaN,NaN
1600041600,3.2575,3.5275,3.0775,3.265,209641.57,521798.6693750002,NaN,NaN,NaN,NaN,NaN,NaN
1600128000,3.265,3.315,2.9025,2.9225,211670.89,503068.8531250002,NaN,NaN,NaN,NaN,NaN,NaN
1600214400,2.9225,2.9225,2.445,2.5475,188217.41,492864.1850000002,NaN,NaN,NaN,NaN,NaN,NaN
1600300800,2.5475,2.9525,2.315,2.9,185681.5375,472113.23275000014,NaN,NaN,NaN,NaN,NaN,NaN
1600387200,2.9,3.1575,2.75,3.13,170920.8825,463526.2746250002,NaN,NaN,NaN,NaN,NaN,NaN
1600473600,3.13,3.255,2.9675,3.0225,151587.215,430032.41575000016,NaN,NaN,NaN,NaN,NaN,NaN
1600560000,3.0225,3.025,2.705,2.88,97946.0475,391955.65300000017,NaN,NaN,NaN,NaN,NaN,NaN
1600646400,2.88,3.0325,2.475,2.7725,337123.8075,382263.81412500015,NaN,NaN,NaN,NaN,NaN,NaN
1600732800,2.7725,3.005,2.66,2.9125,120389.01,337871.38775000017,NaN,NaN,NaN,NaN,NaN,NaN
1600819200,2.9125,3.08,2.71,2.845,158019.255,285599.0942500002,NaN,NaN,NaN,NaN,NaN,NaN
1600905600,2.845,3.255,2.79,3.15,177480.4,259597.8115000002,NaN,NaN,NaN,NaN,NaN,NaN
1600992000,3.15,3.275,2.91,3.205,183577.99,223946.59512500023,NaN,NaN,NaN,NaN,NaN,NaN
1601078400,3.205,3.255,3.04,3.1425,96400.0225,207524.7465000002,NaN,NaN,NaN,NaN,NaN,NaN
1601164800,3.1425,3.2375,2.9975,3.16,23235.0225,194424.2338750002,NaN,NaN,NaN,NaN,NaN,NaN
1601251200,3.16,3.225,2.895,2.955,84733.5475,194674.04525000023,NaN,NaN,NaN,NaN,NaN,NaN
1601337600,2.955,3.02,2.87,2.9475,85610.14,173303.52137500021,NaN,NaN,NaN,NaN,NaN,NaN
1601424000,2.9475,2.99,2.8225,2.91,65613.85,153358.52737500024,NaN,NaN,NaN,NaN,NaN,NaN
1601510400,2.91,2.9975,2.66,2.8725,110273.7225,144654.75062500025,NaN,NaN,NaN,NaN,NaN,NaN
1601596800,2.8725,2.89,2.4325,2.625,65946.1075,141337.41712500024,NaN,NaN,NaN,NaN,NaN,NaN
1601683200,2.625,2.67,2.5475,2.55,44827.82,138444.81237500024,NaN,NaN,NaN,NaN,NaN,NaN
1601769600,2.55,2.585,2.42,2.5275,21673.0025,129046.38400000024,NaN,NaN,NaN,NaN,NaN,NaN
1601856000,2.5275,2.6775,2.4725,2.655,25433.3425,119734.50662500023,NaN,NaN,NaN,NaN,NaN,NaN
1601942400,2.655,2.6675,2.14,2.175,140581.8925,117352.73075000022,NaN,NaN,NaN,NaN,NaN,NaN
1602028800,2.175,2.4,2.075,2.3025,120013.5775,114069.33275000022,NaN,NaN,NaN,NaN,NaN,NaN
1602115200,2.3025,2.47,2.0175,2.39,205742.135,115810.39537500023,NaN,NaN,NaN,NaN,NaN,NaN
1602201600,2.39,2.6275,2.3375,2.5425,151041.0975,115783.08950000023,NaN,NaN,NaN,NaN,NaN,NaN
1602288000,2.5425,2.6,2.3925,2.4025,157597.855,118765.67987500023,NaN,NaN,NaN,NaN,NaN,NaN
1602374400,2.4025,2.4625,2.3425,2.4275,26819.1325,103250.44612500024,NaN,NaN,NaN,NaN,NaN,NaN
1602460800,2.4275,2.705,2.4175,2.5825,30409.7425,98751.48275000023,NaN,NaN,NaN,NaN,NaN,NaN
1602547200,2.5825,2.5825,2.34,2.4075,28825.9425,92291.81712500022,NaN,NaN,NaN,NaN,NaN,NaN
1602633600,2.4075,2.4425,2.24,2.3125,17700.1725,84302.80575000023,NaN,NaN,NaN,NaN,NaN,NaN
1602720000,2.3125,2.3425,2.2,2.26,29103.4,76579.07625000023,NaN,NaN,NaN,NaN,NaN,NaN
1602806400,2.26,2.2625,2.11,2.13,145077.0225,79012.92625000022,NaN,NaN,NaN,NaN,NaN,NaN
1602892800,2.13,2.235,2.0975,2.2025,33915.5675,79546.95350000022,NaN,NaN,NaN,NaN,NaN,NaN
1602979200,2.2025,2.255,2.18,2.22,16393.2525,76129.93875000022,NaN,NaN,NaN,NaN,NaN,NaN
1603065600,2.22,2.22,2.05,2.0625,33264.9325,73512.67837500022,NaN,NaN,NaN,NaN,NaN,NaN
1603152000,2.0625,2.105,1.8525,1.895,49272.665,72695.61912500023,NaN,NaN,NaN,NaN,NaN,NaN
1603238400,1.895,2.0975,1.84,1.89,73057.42,70834.80400000022,NaN,NaN,NaN,NaN,NaN,NaN
1603324800,1.89,2.09,1.85,1.96,35922.375,69333.61737500023,NaN,NaN,NaN,NaN,NaN,NaN
1603411200,1.96,2,1.86,1.9625,35238.2975,68854.14125000023,NaN,NaN,NaN,NaN,NaN,NaN
1603497600,1.9625,1.97,1.8775,1.9125,26733.795,69107.18087500022,NaN,NaN,NaN,NaN,NaN,NaN
1603584000,1.9125,1.9275,1.7675,1.7975,25241.975,69097.61250000024,NaN,NaN,NaN,NaN,NaN,NaN
1603670400,1.7975,1.8725,1.6275,1.69,17361.965,62936.61612500023,NaN,NaN,NaN,NaN,NaN,NaN
1603756800,1.69,1.76,1.6025,1.72,36078.0275,58739.838625000244,NaN,NaN,NaN,NaN,NaN,NaN
1603843200,1.72,1.735,1.455,1.5225,209091.2325,58907.29350000024,NaN,NaN,NaN,NaN,NaN,NaN
1603929600,1.5225,1.5825,1.42,1.435,73618.23,55036.15012500024,NaN,NaN,NaN,NaN,NaN,NaN
1604016000,1.435,1.48,1.34,1.445,87409.7025,51526.74250000024,NaN,NaN,NaN,NaN,NaN,NaN
1604102400,1.445,1.56,1.4375,1.5525,17230.435,51047.30762500025,NaN,NaN,NaN,NaN,NaN,NaN
1604188800,1.5525,1.6425,1.52,1.605,7660.675,49909.85425000025,NaN,NaN,NaN,NaN,NaN,NaN
1604275200,1.605,1.64,1.46,1.4775,24922.7975,49714.69700000025,NaN,NaN,NaN,NaN,NaN,NaN
1604361600,1.4775,1.49,1.4075,1.41,10151.195,49337.248125000246,NaN,NaN,NaN,NaN,NaN,NaN
1604448000,1.41,1.42,1.27,1.39,74171.2325,51590.63975000025,NaN,NaN,NaN,NaN,NaN,NaN
1604534400,1.39,1.4925,1.3075,1.405,51750.0025,46924.288750000254,NaN,NaN,NaN,NaN,NaN,NaN
1604620800,1.405,1.9525,1.3925,1.91,137107.0775,52083.86425000025,NaN,NaN,NaN,NaN,NaN,NaN
1604707200,1.9075,2.4925,1.8325,2.03,419520.1975,72240.21150000025,NaN,NaN,NaN,NaN,NaN,NaN
1604793600,2.03,2.2775,1.975,2.16,135571.13,77355.52137500024,NaN,NaN,NaN,NaN,NaN,NaN
1604880000,2.16,2.2,1.9525,2.04,186751.17,84229.44662500024,NaN,NaN,NaN,NaN,NaN,NaN
1604966400,2.04,2.33,2.02,2.2775,213973.4375,91275.24750000025,NaN,NaN,NaN,NaN,NaN,NaN
1605052800,2.2775,2.295,1.965,2.01,73398.485,93149.05300000025,NaN,NaN,NaN,NaN,NaN,NaN
1605139200,2.01,2.06,1.8325,1.9025,59303.1925,94352.29775000023,NaN,NaN,NaN,NaN,NaN,NaN
1605225600,1.9025,2.0725,1.9025,2.025,19245.23,93977.86950000023,NaN,NaN,NaN,NaN,NaN,NaN
1605312000,2.025,2.03,1.88,1.9275,12092.12,93320.37675000024,NaN,NaN,NaN,NaN,NaN,NaN
1605398400,1.9275,2.2175,1.9275,2.0425,49301.24,94917.34050000024,NaN,NaN,NaN,NaN,NaN,NaN
1605484800,2.0425,2.365,2,2.275,91010.5975,97663.96900000023,NaN,NaN,NaN,NaN,NaN,NaN
1605571200,2.275,2.3275,2.1375,2.2,65297.955,90474.30512500023,NaN,NaN,NaN,NaN,NaN,NaN
1605657600,2.2,2.2125,2.0125,2.13,57306.6775,89658.72750000024,NaN,NaN,NaN,NaN,NaN,NaN
1605744000,2.13,2.1825,2.025,2.075,27863.28,86681.40637500024,NaN,NaN,NaN,NaN,NaN,NaN
1605830400,2.075,2.2275,2.0575,2.1,112771.3425,91458.45175000024,NaN,NaN,NaN,NaN,NaN,NaN
1605916800,2.1,2.51,2.045,2.3975,188926.3,100521.73300000024,NaN,NaN,NaN,NaN,NaN,NaN
1606003200,2.3975,2.4175,2.0425,2.15,112340.66,104892.62612500023,NaN,NaN,NaN,NaN,NaN,NaN
1606089600,2.15,2.35,2.125,2.2925,184540.955,113612.11412500023,NaN,NaN,NaN,NaN,NaN,NaN
1606176000,2.2925,2.46,2.135,2.27,177465.1675,118776.81087500023,NaN,NaN,NaN,NaN,NaN,NaN
1606262400,2.27,2.4925,2.1725,2.28,154711.0175,123924.86162500022,NaN,NaN,NaN,NaN,NaN,NaN
1606348800,2.28,2.3,1.535,1.9,222804.255,128209.72050000021,NaN,NaN,NaN,NaN,NaN,NaN
1606435200,1.9,2.0025,1.78,1.87,36312.805,109049.35087500021,NaN,NaN,NaN,NaN,NaN,NaN
1606521600,1.87,1.94,1.8,1.9,12257.9725,102883.69300000022,NaN,NaN,NaN,NaN,NaN,NaN
1606608000,1.9,1.95,1.855,1.92,21725.195,94632.39425000022,NaN,NaN,NaN,NaN,NaN,NaN
1606694400,1.92,2.025,1.91,1.975,60274.3725,86947.44100000022,NaN,NaN,NaN,NaN,NaN,NaN
1606780800,1.975,2.14,1.92,1.9925,66985.3875,86626.78612500022,NaN,NaN,NaN,NaN,NaN,NaN
1606867200,1.9925,2.22,1.9425,2.1225,109445.0925,89133.88112500022,NaN,NaN,NaN,NaN,NaN,NaN
1606953600,2.1225,2.23,2.07,2.105,79832.51,92163.24512500022,NaN,NaN,NaN,NaN,NaN,NaN
1607040000,2.105,2.1175,1.8325,1.855,81967.5025,95657.01425000021,NaN,NaN,NaN,NaN,NaN,NaN
1607126400,1.855,1.9825,1.82,1.9825,17066.7475,94045.28962500022,NaN,NaN,NaN,NaN,NaN,NaN
1607212800,1.9825,1.9875,1.815,1.85,18153.4875,90402.43412500023,NaN,NaN,NaN,NaN,NaN,NaN
1607299200,1.85,1.8975,1.805,1.835,26452.47,88460.15987500022,NaN,NaN,NaN,NaN,NaN,NaN
1607385600,1.835,1.835,1.635,1.6725,81898.07,89689.72950000022,NaN,NaN,NaN,NaN,NaN,NaN
1607472000,1.6725,1.6825,1.485,1.665,423988.8,109496.00550000023,NaN,NaN,NaN,NaN,NaN,NaN
1607558400,1.665,1.6775,1.545,1.58,18342.135,104774.54512500022,NaN,NaN,NaN,NaN,NaN,NaN
1607644800,1.58,1.5875,1.4325,1.4425,33327.7975,96994.62000000023,NaN,NaN,NaN,NaN,NaN,NaN
1607731200,1.4425,1.535,1.4425,1.5025,6622.395,91708.70675000023,NaN,NaN,NaN,NaN,NaN,NaN
1607817600,1.5025,1.6625,1.465,1.57,50128.7275,84988.09537500024,NaN,NaN,NaN,NaN,NaN,NaN
1607904000,1.57,1.62,1.52,1.595,99102.07,81069.94050000023,NaN,NaN,NaN,NaN,NaN,NaN
1607990400,1.595,1.81,1.59,1.765,302347.2675,88451.75300000023,NaN,NaN,NaN,NaN,NaN,NaN
1608076800,1.765,1.7975,1.61,1.7925,69872.7125,80805.17587500023,NaN,NaN,NaN,NaN,NaN,NaN
1608163200,1.7925,1.81,1.65,1.69,29864.09,80482.74012500024,NaN,NaN,NaN,NaN,NaN,NaN
1608249600,1.69,1.7175,1.6125,1.7,21792.9075,80959.48687500025,NaN,NaN,NaN,NaN,NaN,NaN
1608336000,1.7,1.77,1.6525,1.6775,36660.045,81706.22937500024,NaN,NaN,NaN,NaN,NaN,NaN
1608422400,1.6775,1.7,1.52,1.57,51704.9275,81277.75712500024,NaN,NaN,NaN,NaN,NaN,NaN
1608508800,1.57,1.6225,1.495,1.54,23337.4375,79095.35962500024,NaN,NaN,NaN,NaN,NaN,NaN
1608595200,1.54,1.59,1.47,1.4975,117150.1075,79480.61037500024,NaN,NaN,NaN,NaN,NaN,NaN
1608681600,1.4975,1.51,1.075,1.2275,284019.7825,89689.97400000023,NaN,NaN,NaN,NaN,NaN,NaN
1608768000,1.2275,1.385,1.1675,1.3675,74218.5125,89302.52450000023,NaN,NaN,NaN,NaN,NaN,NaN
1608854400,1.3675,1.465,1.3475,1.4425,46081.9025,90753.28225000024,NaN,NaN,NaN,NaN,NaN,NaN
1608940800,1.4425,1.445,1.3175,1.32,33634.37,91527.32637500024,NaN,NaN,NaN,NaN,NaN,NaN
1609027200,1.32,1.42,1.27,1.305,52585.96,92834.00087500023,NaN,NaN,NaN,NaN,NaN,NaN
1609113600,1.305,1.52,1.2925,1.5175,60781.1,91778.15237500024,NaN,NaN,NaN,NaN,NaN,NaN
1609200000,1.5175,1.74,1.44,1.68,208499.0675,81003.66575000023,NaN,NaN,NaN,NaN,NaN,NaN
1609286400,1.68,1.6925,1.5225,1.5375,103707.4325,85271.93062500023,NaN,NaN,NaN,NaN,NaN,NaN
1609372800,1.5375,1.55,1.43,1.51,201668.1,93688.94575000022,NaN,NaN,NaN,NaN,NaN,NaN
1609459200,1.51,1.87,1.5,1.845,495632.1525,118139.43362500022,NaN,NaN,NaN,NaN,NaN,NaN
1609545600,1.845,1.995,1.7175,1.8,494034.93,140334.74375000023,NaN,NaN,NaN,NaN,NaN,NaN
1609632000,1.8,2.38,1.8,2.1725,638650.4575,167312.16312500025,NaN,NaN,NaN,NaN,NaN,NaN
1609718400,2.1725,2.48,1.83,2.4575,410494.565,172719.52800000022,NaN,NaN,NaN,NaN,NaN,NaN
1609804800,2.4575,2.5625,2.08,2.17,366451.7025,187548.47750000024,NaN,NaN,NaN,NaN,NaN,NaN
1609891200,2.17,2.18,1.8925,1.93,452140.27,208662.28650000025,NaN,NaN,NaN,NaN,NaN,NaN
1609977600,1.93,2.66,1.9275,2.37,2573237.95,336234.5386250002,NaN,NaN,NaN,NaN,NaN,NaN
1610064000,2.37,3.8175,2.18,3.22,4132814.815,541042.2771250003,NaN,NaN,NaN,NaN,NaN,NaN
1610150400,3.22,3.68,2.93,3.38,2063319.1875,641622.9901250002,NaN,NaN,NaN,NaN,NaN,NaN
1610236800,3.38,3.765,3.16,3.47,1780711.09,729491.6727500001,NaN,NaN,NaN,NaN,NaN,NaN
1610323200,3.47,3.52,2.5975,3.105,3223401.89,884804.2618750002,NaN,NaN,NaN,NaN,NaN,NaN
1610409600,3.105,3.9225,3.065,3.615,3135669.4175,1027386.7436250004,NaN,NaN,NaN,NaN,NaN,NaN
1610496000,3.615,3.65,3.26,3.515,1908362.9375,1119093.9648750003,NaN,NaN,NaN,NaN,NaN,NaN
1610582400,3.515,3.555,3.1725,3.285,2036420.5475,1218610.8971250004,NaN,NaN,NaN,NaN,NaN,NaN
1610668800,3.285,3.4325,2.97,3.2425,1446877.3775,1289273.0475000003,NaN,NaN,NaN,NaN,NaN,NaN
1610755200,3.2425,3.7,3.2425,3.435,876936.715,1330490.5852500002,NaN,NaN,NaN,NaN,NaN,NaN
1610841600,3.435,3.98,3.305,3.825,1775424.9575,1416222.7781250002,NaN,NaN,NaN,NaN,NaN,NaN
1610928000,3.825,4.15,3.59,3.795,2802195.4825,1545907.5988750004,NaN,NaN,NaN,NaN,NaN,NaN
1611014400,3.795,4.0925,3.61,3.6325,2644936.075,1672969.0310000002,NaN,NaN,NaN,NaN,NaN,NaN
1611100800,3.6325,3.735,3.34,3.7225,2092218.84,1767496.5680000004,NaN,NaN,NaN,NaN,NaN,NaN
1611187200,3.7225,3.735,2.945,2.9925,2011310.8675,1843280.5037500001,NaN,NaN,NaN,NaN,NaN,NaN
1611273600,2.9925,3.5,2.51,3.33,2310117.5175,1934084.6331250002,NaN,NaN,NaN,NaN,NaN,NaN
1611360000,3.3325,3.605,3.315,3.5075,1341771.52,1969240.68625,NaN,NaN,NaN,NaN,NaN,NaN
1611446400,3.5075,3.795,3.4875,3.645,2179857.1175,2057708.8138750002,NaN,NaN,NaN,NaN,NaN,NaN
1611532800,3.645,3.9925,3.4475,3.7,2240705.3,2151421.49375,NaN,NaN,NaN,NaN,NaN,NaN
1611619200,3.7,4.0975,3.6825,4.03,3247457.8775,2291187.3741249996,NaN,NaN,NaN,NaN,NaN,NaN
1611705600,4.03,4.03,3.52,3.69,979402.61,2211495.6071249996,NaN,NaN,NaN,NaN,NaN,NaN
1611792000,3.69,3.9525,3.6175,3.8275,1028649.6525,2056287.349,NaN,NaN,NaN,NaN,NaN,NaN
1611878400,3.8275,3.9,3.63,3.835,729272.9575,1989585.0375,NaN,NaN,NaN,NaN,NaN,NaN
1611964800,3.835,4.32,3.7775,4.2225,1998659.8575,2000482.475875,NaN,NaN,NaN,NaN,NaN,NaN
1612051200,4.2225,4.795,4.1675,4.2575,4718299.21749999,2075227.3422499993,NaN,NaN,NaN,NaN,NaN,NaN
1612137600,4.2575,4.615,4.09,4.615,1531864.68,1995037.1053749993,NaN,NaN,NaN,NaN,NaN,NaN
1612224000,4.615,5.39,4.4725,5.255,3939474.8025,2096592.6986249995,NaN,NaN,NaN,NaN,NaN,NaN
1612310400,5.255,5.7825,5.0775,5.735,4922431.75,2240893.2587499996,NaN,NaN,NaN,NaN,NaN,NaN
1612396800,5.735,6.64,5.57,6.42,3840840.6,2360591.4198749997,NaN,NaN,NaN,NaN,NaN,NaN
1612483200,6.42,7.125,6.42,6.7,4059215.7175,2519705.3699999996,NaN,NaN,NaN,NaN,NaN,NaN
1612569600,6.7,6.81,5.72,6.1275,3111667.82000001,2586517.5131249996,NaN,NaN,NaN,NaN,NaN,NaN
1612656000,6.1275,6.8775,5.76,6.69,2801263.8225,2586470.9301249995,NaN,NaN,NaN,NaN,NaN,NaN
1612742400,6.69,8.06,6.4825,7.885,2963006.4525,2602374.4489999996,NaN,NaN,NaN,NaN,NaN,NaN
1612828800,7.885,8.5175,7.54,7.8525,5108400.62,2753183.5379999992,NaN,NaN,NaN,NaN,NaN,NaN
1612915200,7.8525,9.07,7.62,9.0675,2711396.92,2788187.8406249993,NaN,NaN,NaN,NaN,NaN,NaN
1613001600,9.0675,9.6975,8.725,9.2325,5940298.48500001,2969696.8889999995,NaN,NaN,NaN,NaN,NaN,NaN
1613088000,9.2325,9.9125,9.08,9.235,2302334.66000001,3017725.046,NaN,NaN,NaN,NaN,NaN,NaN
1613174400,9.235,9.51,8.6425,8.75,3073924.38,3062428.4091250002,NaN,NaN,NaN,NaN,NaN,NaN
1613260800,8.75,9.215,8.555,8.73,5020278.61749999,3201407.075,NaN,NaN,NaN,NaN,NaN,NaN
1613347200,8.73,9.3125,7.76,8.8325,3144889.62,3196278.662125,NaN,NaN,NaN,NaN,NaN,NaN
1613433600,8.8325,8.9875,7.97,8.3075,2664844.665,3280550.764875,NaN,NaN,NaN,NaN,NaN,NaN
1613520000,8.3075,8.425,7.5575,8.25,1698890.3425,3314062.799375,NaN,NaN,NaN,NaN,NaN,NaN
1613606400,8.25,9.29,8.235,8.96,2623910.29,3408794.6659999997,NaN,NaN,NaN,NaN,NaN,NaN
1613692800,8.96,11.51,8.57,11.49,7085250.8525,3663124.21575,NaN,NaN,NaN,NaN,NaN,NaN
1613779200,11.49,11.815,9.8125,9.99,3915494.7625,3622983.9930000007,NaN,NaN,NaN,NaN,NaN,NaN
1613865600,9.99,11.65,9.8825,11.1125,4309951.93250001,3761888.355625001,NaN,NaN,NaN,NaN,NaN,NaN
1613952000,11.1125,14.64,9.435,14.3525,15146763.06,4322252.768500001,NaN,NaN,NaN,NaN,NaN,NaN
1614038400,14.3525,15.85,11.715,15.2225,21060339.20000001,5129148.141000001,NaN,NaN,NaN,NaN,NaN,NaN
1614124800,15.2225,18.1425,13.4,17.365,13185735.70000001,5596392.8960000025,NaN,NaN,NaN,NaN,NaN,NaN
1614211200,17.365,17.77,13.8,13.8,15505882.72500001,6168726.246375003,NaN,NaN,NaN,NaN,NaN,NaN
1614297600,13.8,15.5,13.06,13.6075,9823027.6325,6504294.237000002,NaN,NaN,NaN,NaN,NaN,NaN
1614384000,13.6075,14.85,13.03,13.195,5226181.1375,6625540.1027500015,NaN,NaN,NaN,NaN,NaN,NaN
1614470400,13.195,13.75,11.445,13.0675,13389783.06,7146878.933125001,NaN,NaN,NaN,NaN,NaN,NaN
1614556800,13.0675,15.5575,13.0275,14.9975,8599601.2825,7321438.9662500005,NaN,NaN,NaN,NaN,NaN,NaN
1614643200,14.9975,15.2675,13.445,13.9775,5461596.31749999,7458948.936125001,NaN,NaN,NaN,NaN,NaN,NaN
1614729600,13.9775,14.745,13.77,14.1,4423200.2175,7383094.0227500005,NaN,NaN,NaN,NaN,NaN,NaN
1614816000,14.1,14.26,12.7225,13.07,3922794.55,7464117.017250001,NaN,NaN,NaN,NaN,NaN,NaN
1614902400,13.07,13.0875,12.15,12.57,3655732.615,7493207.429000002,NaN,NaN,NaN,NaN,NaN,NaN
1614988800,12.57,13.295,11.89,13.0725,4560458.90249999,7470216.443250003,NaN,NaN,NaN,NaN,NaN,NaN
1615075200,13.0725,14.0175,12.7225,13.85,2925470.1025,7459245.467375003,NaN,NaN,NaN,NaN,NaN,NaN
1615161600,13.85,13.885,13.0625,13.6575,3594738.685,7505740.168375003,NaN,NaN,NaN,NaN,NaN,NaN
1615248000,13.6575,15.0025,13.3,14.84,6212364.9775,7731413.9001250025,NaN,NaN,NaN,NaN,NaN,NaN
1615334400,14.84,15.6,13.2,14.2,7801709.665,7990303.8688750025,NaN,NaN,NaN,NaN,NaN,NaN
1615420800,14.2,16.295,13.7,16.0125,10497077.76250002,8160895.214375004,NaN,NaN,NaN,NaN,NaN,NaN
1615507200,16.0125,16.4825,14.07,14.6,6166522.46249999,8273446.599375004,NaN,NaN,NaN,NaN,NaN,NaN
1615593600,14.6,15.7825,13.85,15.295,8782592.845,8497078.645000003,NaN,NaN,NaN,NaN,NaN,NaN
1615680000,15.295,15.395,14.36,14.4875,4465404.63,7963010.723500003,NaN,NaN,NaN,NaN,NaN,NaN
1615766400,14.4875,14.78,13.67,14.1625,5925256.1275,7206256.569875002,NaN,NaN,NaN,NaN,NaN,NaN
1615852800,14.1625,14.29,13.225,13.6425,6140444.66499999,6853992.018125,NaN,NaN,NaN,NaN,NaN,NaN
1615939200,13.6425,14.27,13.1,14.2475,3528608.8925,6255128.3265,NaN,NaN,NaN,NaN,NaN,NaN
1616025600,14.2475,14.7375,13.99,14.195,2038895.79,5865921.734375001,NaN,NaN,NaN,NaN,NaN,NaN
1616112000,14.195,14.4925,13.86,14.145,2093278.0875,5709276.581875001,NaN,NaN,NaN,NaN,NaN,NaN
1616198400,14.145,14.95,14.105,14.165,2713015.3775,5175438.19775,NaN,NaN,NaN,NaN,NaN,NaN
1616284800,14.165,14.3825,13.64,14.325,4565318.5875,4973724.063000001,NaN,NaN,NaN,NaN,NaN,NaN
1616371200,14.325,16.575,14.175,14.8025,12393996.63000002,5320344.078625003,NaN,NaN,NaN,NaN,NaN,NaN
1616457600,14.8025,15.2125,14.065,14.1625,8551259.49500001,5526747.042500002,NaN,NaN,NaN,NaN,NaN,NaN
1616544000,14.1625,15.345,13.5925,13.5925,6516823.8025,5656448.505125003,NaN,NaN,NaN,NaN,NaN,NaN
1616630400,13.5925,13.6775,12.58,12.9975,6309771.345,5789150.441625003,NaN,NaN,NaN,NaN,NaN,NaN
1616716800,12.9975,14.79,12.29,14.7675,6488369.065,5885545.949750003,NaN,NaN,NaN,NaN,NaN,NaN
1616803200,14.7675,16.81,14.75,16.475,12529018.41749997,6365723.365500001,NaN,NaN,NaN,NaN,NaN,NaN
1616889600,16.475,19.3475,16.34,18.0725,13302600.5375,6851116.458125001,NaN,NaN,NaN,NaN,NaN,NaN
1616976000,18.0725,19.0125,17.67,18.9375,13089589.38,7194977.678250002,NaN,NaN,NaN,NaN,NaN,NaN
1617062400,18.9375,20.865,18.9,19.105,14392873.54999999,7524535.8725000005,NaN,NaN,NaN,NaN,NaN,NaN
1617148800,19.1125,19.825,18.0575,19.41,11920913.55500001,7595727.662125001,NaN,NaN,NaN,NaN,NaN,NaN
1617235200,19.41,20.975,18.765,19.035,15000353.73499999,8037419.225750001,NaN,NaN,NaN,NaN,NaN,NaN
1617321600,19.035,19.8125,18.55,19.7625,8563394.735,8026459.320250002,NaN,NaN,NaN,NaN,NaN,NaN
1617408000,19.7625,23.8,19.7375,22.4375,38139316.34750003,9710154.906125003,NaN,NaN,NaN,NaN,NaN,NaN
1617494400,22.4375,25.5525,22.04,23.8,20293764.23625,10428580.311562503,NaN,NaN,NaN,NaN,NaN,NaN
1617580800,23.8,24.8025,22.745,22.99,22129490.94924998,11228032.625775002,NaN,NaN,NaN,NaN,NaN,NaN
1617667200,22.99,25.3,21.8525,25.0875,22360612.08175001,12169632.785237502,NaN,NaN,NaN,NaN,NaN,NaN
1617753600,25.0875,27.5,22.95,26.55,49194878.65375002,14527431.928425003,NaN,NaN,NaN,NaN,NaN,NaN
1617840000,26.55,27.95,25.66,26.985,26595425.06875,15752539.277487505,NaN,NaN,NaN,NaN,NaN,NaN
1617926400,26.985,28.98,26.8375,27.6625,21743418.41774998,16704059.429500004,NaN,NaN,NaN,NaN,NaN,NaN
1618012800,27.6625,28.2475,25.94,26.775,22711907.30774996,17611388.865512505,NaN,NaN,NaN,NaN,NaN,NaN
1618099200,26.775,28.6175,25.5425,27.88,12467476.56900001,17615062.862462506,NaN,NaN,NaN,NaN,NaN,NaN
1618185600,27.88,29.865,26.8,28.475,22702453.93024998,18322622.584225006,NaN,NaN,NaN,NaN,NaN,NaN
1618272000,28.475,28.715,26.3825,27.48,23392476.82524997,19166405.235362504,NaN,NaN,NaN,NaN,NaN,NaN
1618358400,27.48,27.58,24.68,26.4,37612226.60374997,20731527.9983,NaN,NaN,NaN,NaN,NaN,NaN
1618444800,26.4,28.2375,25.4875,27.7925,23242026.06425002,21569210.8482625,NaN,NaN,NaN,NaN,NaN,NaN
1618531200,27.7925,28.2325,24.9125,25.325,25779863.74850001,22231753.1148125,NaN,NaN,NaN,NaN,NaN,NaN
1618617600,25.325,26.75,24.79,24.84,17139823.21374999,22423614.248625003,NaN,NaN,NaN,NaN,NaN,NaN
1618704000,24.84,32.98,21,32.3725,96288480.40999989,26583558.800124995,NaN,NaN,NaN,NaN,NaN,NaN
1618790400,32.3725,35.99,29.9625,31.565,92037638.14999998,30465797.030125,NaN,NaN,NaN,NaN,NaN,NaN
1618876800,31.56,32.635,28.67,31.7575,93572721.60924995,34548387.43283749,NaN,NaN,NaN,NaN,NaN,NaN
1618963200,31.7575,35.055,30.1975,32.6125,79116318.62175003,37754185.67717499,NaN,NaN,NaN,NaN,NaN,NaN
1619049600,32.6125,40.73,31.59,38.885,143959748.58099997,44524003.36947499,NaN,NaN,NaN,NaN,NaN,NaN
1619136000,38.885,41.11,31.4025,37.29,154188926.12625018,50326483.85841249,NaN,NaN,NaN,NaN,NaN,NaN
1619222400,37.29,43.6375,34.6825,40.8875,78201668.17350003,53221879.05527499,NaN,NaN,NaN,NaN,NaN,NaN
1619308800,40.8875,48.51,40.34,47.45,86514946.93125013,56441151.854375005,NaN,NaN,NaN,NaN,NaN,NaN
1619395200,47.45,48.5,43.3675,43.9475,63634304.42074992,58504836.471325,NaN,NaN,NaN,NaN,NaN,NaN
1619481600,43.9475,46.5875,42.5475,43.255,69335674.79800008,59511876.27853751,NaN,NaN,NaN,NaN,NaN,NaN
1619568000,43.255,46.9,40.7325,44.845,81563932.32099995,62260301.64115001,NaN,NaN,NaN,NaN,NaN,NaN
1619654400,44.845,46.105,40.765,42.53,68227053.28400001,64584483.38446251,NaN,NaN,NaN,NaN,NaN,NaN
1619740800,42.53,44.31,41.2375,42.8725,63468357.50075003,66622305.89411251,NaN,NaN,NaN,NaN,NaN,NaN
1619827200,42.8725,49.9,42.0275,49.57,60892906.30525,69043577.38092501,NaN,NaN,NaN,NaN,NaN,NaN
1619913600,49.57,49.9625,46.0425,46.9175,41392147.51700003,69978062.06026252,NaN,NaN,NaN,NaN,NaN,NaN
1620000000,46.9175,49.3525,44.7,46.06,78253782.4902499,72721127.3435125,NaN,NaN,NaN,NaN,NaN,NaN
1620086400,46.0375,47.8225,42.3025,42.635,78325853.95800018,74756808.71122502,NaN,NaN,NaN,NaN,NaN,NaN
1620172800,42.635,46.7475,42.3,44.9775,57833841.70525,76486399.49327502,NaN,NaN,NaN,NaN,NaN,NaN
1620259200,44.98,44.98,42.5475,43.52,50639974.31549996,77729405.02162501,NaN,NaN,NaN,NaN,NaN,NaN
1620345600,43.52,46.23,41.5,43.2,58047505.72899992,79774789.14738752,NaN,NaN,NaN,NaN,NaN,NaN
1620432000,43.2,46.75,42.3925,45.72,48068490.32449994,77363789.64311251,NaN,NaN,NaN,NaN,NaN,NaN
1620518400,45.72,47.15,43,44.34,51883352.85175002,75356075.37820002,NaN,NaN,NaN,NaN,NaN,NaN
1620604800,44.34,45.9575,38.8425,42.9375,66281466.26050003,73991512.61076252,NaN,NaN,NaN,NaN,NaN,NaN
1620691200,42.9375,45.175,39.53,44.6525,60139537.15749993,73042673.53755002,NaN,NaN,NaN,NaN,NaN,NaN
1620777600,44.6525,49.1,41.195,43.2475,122775355.94450009,71983453.90572503,NaN,NaN,NaN,NaN,NaN,NaN
1620864000,43.2475,45.4325,37.435,41,97712640.74174985,69159639.6365,NaN,NaN,NaN,NaN,NaN,NaN
1620950400,41,45,39.91,42.75,37304339.11974996,67114773.1838125,NaN,NaN,NaN,NaN,NaN,NaN
1621036800,42.75,45.5825,39.4175,43.49,36416960.64425,64609873.86946249,NaN,NaN,NaN,NaN,NaN,NaN
1621123200,43.49,52.4575,41.8775,46.8475,138709927.31874985,68363655.01436248,NaN,NaN,NaN,NaN,NaN,NaN
1621209600,46.8475,51.9275,43.155,46.72,144762161.92700016,72134979.37081249,NaN,NaN,NaN,NaN,NaN,NaN
1621296000,46.72,58.3975,46.1075,55.915,133906744.88124985,74752119.99882498,NaN,NaN,NaN,NaN,NaN,NaN
1621382400,55.915,57.5725,28.8025,35.035,306868726.6269997,86684203.66597497,NaN,NaN,NaN,NaN,NaN,NaN
1621468800,34.9425,49.675,31,44.4825,199003115.90325007,93460941.58609997,NaN,NaN,NaN,NaN,NaN,NaN
1621555200,44.4825,47.7475,33.5525,38.885,129827410.26574998,96907666.78412497,NaN,NaN,NaN,NaN,NaN,NaN
1621641600,38.885,40,31.18,31.275,68932100.81874995,98284664.44921246,NaN,NaN,NaN,NaN,NaN,NaN
1621728000,31.275,32.3875,19.1175,24.535,150928267.0002501,101918388.67471248,NaN,NaN,NaN,NaN,NaN,NaN
1621814400,24.535,32.375,24.535,31.3975,76572747.305,101830733.34206247,NaN,NaN,NaN,NaN,NaN,NaN
1621900800,31.3975,33.2025,25.88,30.05,59941380.65,101936110.28929998,NaN,NaN,NaN,NaN,NaN,NaN
1621987200,30.05,37.2775,28.905,35.4725,60108072.615,102409515.20427498,NaN,NaN,NaN,NaN,NaN,NaN
1622073600,35.47,35.6375,31.1,33.77,36050173.13650006,101309648.57464999,NaN,NaN,NaN,NaN,NaN,NaN
1622160000,33.77,34.5625,27.975,28.9875,40437413.44775005,100928094.7308125,NaN,NaN,NaN,NaN,NaN,NaN
1622246400,28.9875,30.07,25.7125,27.4,25834226.25999996,99625638.401225,NaN,NaN,NaN,NaN,NaN,NaN
1622332800,27.4,29.7875,25.6275,28.63,19438443.51874996,97283487.26413749,NaN,NaN,NaN,NaN,NaN,NaN
1622419200,28.63,33.0175,27.5225,32.79,30762591.18799999,95814639.9656625,NaN,NaN,NaN,NaN,NaN,NaN
1622505600,32.79,33.3275,29.825,30.93,27646461.89499998,91058195.26318748,NaN,NaN,NaN,NaN,NaN,NaN
1622592000,30.93,34.985,30.4175,33.985,27263491.13925,87535737.78306249,NaN,NaN,NaN,NaN,NaN,NaN
1622678400,33.985,41.29,33.7025,39.59,45725552.30199996,87956798.442175,NaN,NaN,NaN,NaN,NaN,NaN
1622764800,39.59,39.69,34.21,37.39,52175415.7425,88744721.1970875,NaN,NaN,NaN,NaN,NaN,NaN
1622851200,37.39,42.7925,37.04,39.65,52263442.59725,84422396.96101251,NaN,NaN,NaN,NaN,NaN,NaN
1622937600,39.65,43.415,38.945,42.2,35261859.71699999,78947381.8505125,NaN,NaN,NaN,NaN,NaN,NaN
1623024000,42.2,44.21,37.9325,38.2675,45059549.11924994,74505022.0624125,NaN,NaN,NaN,NaN,NaN,NaN
1623110400,38.2675,43.1875,33.57,41.3025,108417369.90100011,64582454.22611252,NaN,NaN,NaN,NaN,NaN,NaN
1623196800,41.3025,44.085,39.31,42.04,65932506.63024991,57928923.76246252,NaN,NaN,NaN,NaN,NaN,NaN
1623283200,42.04,43.0725,39.52,41.095,30842993.72750004,52979702.93555003,NaN,NaN,NaN,NaN,NaN,NaN
1623369600,41.095,41.3675,35.1775,36.15,34371962.24849998,51251696.007037535,NaN,NaN,NaN,NaN,NaN,NaN
1623456000,36.15,37.62,34.2275,36.475,28503468.81350004,45130456.09770003,NaN,NaN,NaN,NaN,NaN,NaN
1623542400,36.475,39.3925,34.7175,38.7125,21490152.97199999,42376326.381050035,NaN,NaN,NaN,NaN,NaN,NaN
1623628800,38.7125,40.55,36.63,39.7025,26784408.78175,40718477.78763753,NaN,NaN,NaN,NaN,NaN,NaN
1623715200,39.7025,41.72,39.1275,39.5425,31772227.68500004,39301685.54113753,NaN,NaN,NaN,NaN,NaN,NaN
1623801600,39.5425,41.585,37.475,39.665,33766587.77324999,39187506.272975035,NaN,NaN,NaN,NaN,NaN,NaN
1623888000,39.665,41.2,38.21,39.2325,26688068.67900005,38500039.03453753,NaN,NaN,NaN,NaN,NaN,NaN
1623974400,39.2325,39.4425,34.9125,36.805,25225323.34849999,38469593.88896253,NaN,NaN,NaN,NaN,NaN,NaN
1624060800,36.805,37.3175,34.875,35.1725,15974027.26375,38296373.07621253,NaN,NaN,NaN,NaN,NaN,NaN
1624147200,35.1725,35.9425,31.1,35.22,33038788.57074996,38410182.945350036,NaN,NaN,NaN,NaN,NaN,NaN
1624233600,35.22,35.49,23,26.62,63488419.85225006,40202280.84321254,NaN,NaN,NaN,NaN,NaN,NaN
1624320000,26.615,28.7675,20.14,26.9675,104223911.33875023,44050301.853187546,NaN,NaN,NaN,NaN,NaN,NaN
1624406400,26.9675,32.935,25.6725,30.8375,69642467.29475002,45246147.60282505,NaN,NaN,NaN,NaN,NaN,NaN
1624492800,30.8375,32.9875,28.495,31.1625,35864428.24675,44430598.22803755,NaN,NaN,NaN,NaN,NaN,NaN
1624579200,31.1625,32.9775,27.9575,28.6275,40085788.3782499,43821715.51708755,NaN,NaN,NaN,NaN,NaN,NaN
1624665600,28.6275,30.1,26.7,29.66,24709827.80425,43294113.92145005,NaN,NaN,NaN,NaN,NaN,NaN
1624752000,29.66,31.92,29.1975,31.8575,16990669.2175,41890669.92636255,NaN,NaN,NaN,NaN,NaN,NaN
1624838400,31.8575,34.3,31,33.025,18689361.248,37404269.493712544,NaN,NaN,NaN,NaN,NaN,NaN
1624924800,33.025,35.8875,32.6675,33.96,31334272.11100006,35674357.767750055,NaN,NaN,NaN,NaN,NaN,NaN
1625011200,33.96,35.985,31.6,35.53,28255805.23574998,35544998.34316255,NaN,NaN,NaN,NaN,NaN,NaN
1625097600,35.53,35.5775,32.2,33.2725,19996441.64225003,34826222.31285005,NaN,NaN,NaN,NaN,NaN,NaN
1625184000,33.27,34.1075,31.4025,33.99,15387764.79250001,34170437.11180005,NaN,NaN,NaN,NaN,NaN,NaN
1625270400,33.99,35.395,33.25,34.525,12192113.41274999,33705535.13383755,NaN,NaN,NaN,NaN,NaN,NaN
1625356800,34.525,35.5375,33.5525,34.305,11129536.93450001,32922791.54147505,NaN,NaN,NaN,NaN,NaN,NaN
1625443200,34.305,34.5075,32.415,32.9325,12013105.79399999,31934835.44692505,NaN,NaN,NaN,NaN,NaN,NaN
1625529600,32.9325,35.055,32.915,34.225,15578143.44225001,31025413.23037505,NaN,NaN,NaN,NaN,NaN,NaN
1625616000,34.225,38.1,33.84,36.7225,24923963.66999998,30937207.979925048,NaN,NaN,NaN,NaN,NaN,NaN
1625702400,36.72,36.955,32.69,33.15,26318900.619,30991886.843450047,NaN,NaN,NaN,NaN,NaN,NaN
1625788800,33.15,34.4575,31.965,33.315,13881037.57250001,30887237.358887546,NaN,NaN,NaN,NaN,NaN,NaN
1625875200,33.315,34.2,31.04,31.71,12412421.57224997,29855919.00896255,NaN,NaN,NaN,NaN,NaN,NaN
1625961600,31.71,32.5675,31.37,32.205,7485617.16024999,27055778.874362547,NaN,NaN,NaN,NaN,NaN,NaN
1626048000,32.205,32.6825,30.04,30.76,11121475.99799998,22400657.107325032,NaN,NaN,NaN,NaN,NaN,NaN
1626134400,30.76,31.0825,28.8175,29.1275,10655493.89600001,19451308.437387533,NaN,NaN,NaN,NaN,NaN,NaN
1626220800,29.1275,31.435,27.41,31.3575,19799760.79825002,18648075.064962532,NaN,NaN,NaN,NaN,NaN,NaN
1626307200,31.3575,31.4975,27.95,28.5625,17383826.17900002,17512976.95500004,NaN,NaN,NaN,NaN,NaN,NaN
1626393600,28.5625,29.4575,26.2025,26.2675,14381804.93375001,16996575.811475042,NaN,NaN,NaN,NaN,NaN,NaN
1626480000,26.2675,27.8225,26,26.8,9743851.13625,16634234.90741254,NaN,NaN,NaN,NaN,NaN,NaN
1626566400,26.8,27.7625,26.255,26.675,5645919.169,15982062.80346254,NaN,NaN,NaN,NaN,NaN,NaN
1626652800,26.675,26.7,24,24.4975,16629305.1135,15246814.453587538,NaN,NaN,NaN,NaN,NaN,NaN
1626739200,24.4975,24.9875,22.11,23.4675,19642243.67950006,14816136.375775043,NaN,NaN,NaN,NaN,NaN,NaN
1626825600,23.4675,27.4575,22.8025,26.685,20518287.87650001,14842228.687487543,NaN,NaN,NaN,NaN,NaN,NaN
1626912000,26.6875,28.19,25.925,27.69,17140003.92474998,14929840.64410004,NaN,NaN,NaN,NaN,NaN,NaN
1626998400,27.69,28.715,26.4,28.535,17858065.41549998,15213138.244237538,NaN,NaN,NaN,NaN,NaN,NaN
1627084800,28.535,29.51,28.025,28.65,16119003.48999998,15462611.572012538,NaN,NaN,NaN,NaN,NaN,NaN
1627171200,28.65,28.885,26.53,28.24,13616195.33750001,15542766.049187541,NaN,NaN,NaN,NaN,NaN,NaN
1627257600,28.24,31.1225,27.845,28.2025,34648839.01850007,16496300.828000044,NaN,NaN,NaN,NaN,NaN,NaN
1627344000,28.2025,28.9675,26.9025,28.12,18073912.70100005,16153798.27955005,NaN,NaN,NaN,NaN,NaN,NaN
1627430400,28.12,28.76,27.3675,27.8875,14856184.46924999,15580662.472062547,NaN,NaN,NaN,NaN,NaN,NaN
1627516800,27.8875,31.8825,27.3375,31.255,18952049.93849999,15834213.090362545,NaN,NaN,NaN,NaN,NaN,NaN
1627603200,31.255,33.075,29.9225,32.4025,20581843.51875,16242684.18768755,NaN,NaN,NaN,NaN,NaN,NaN
1627689600,32.385,37,31.6825,36.76,21430837.8515,16939945.222250048,NaN,NaN,NaN,NaN,NaN,NaN
1627776000,36.76,36.84,33.2525,34.1925,23560120.54600001,17561877.44965005,NaN,NaN,NaN,NaN,NaN,NaN
1627862400,34.2025,35.9275,33,33.1825,16488808.27049998,17853543.16837505,NaN,NaN,NaN,NaN,NaN,NaN
1627948800,33.1825,35.835,32.35,34.1325,22616742.92974998,17994392.274950046,NaN,NaN,NaN,NaN,NaN,NaN
1628035200,34.1325,36.645,33.2,35.78,16188015.36025,17934601.734012544,NaN,NaN,NaN,NaN,NaN,NaN
1628121600,35.78,38.2475,35.5175,37.3825,34106752.29925002,18920849.102287542,NaN,NaN,NaN,NaN,NaN,NaN
1628208000,37.3825,40.4,35.6575,39.51,25282691.97249998,19697791.14410004,NaN,NaN,NaN,NaN,NaN,NaN
1628294400,39.51,40.5225,37.59,39.475,25170223.40674999,20674006.355987538,NaN,NaN,NaN,NaN,NaN,NaN
1628380800,39.475,39.565,36.9,37.6575,16871585.40799997,20686120.370712537,NaN,NaN,NaN,NaN,NaN,NaN
1628467200,37.6575,40.0375,36.3225,38.6675,17775757.92925,20592796.083200034,NaN,NaN,NaN,NaN,NaN,NaN
1628553600,38.6675,41.695,38.2175,40.6625,24732024.03574998,20803482.891162533,NaN,NaN,NaN,NaN,NaN,NaN
1628640000,40.6625,44,40.6325,41.6425,29825095.54974999,21437737.472412534,NaN,NaN,NaN,NaN,NaN,NaN
1628726400,41.64,43.42,39.325,41.1,26249809.38074999,21857324.67067503,NaN,NaN,NaN,NaN,NaN,NaN
1628812800,41.1025,44.97,40.7,44.87,26088527.77675002,22355800.885012534,NaN,NaN,NaN,NaN,NaN,NaN
1628899200,44.87,44.905,42.76,44.1525,20846020.97299998,22717292.16678753,NaN,NaN,NaN,NaN,NaN,NaN
1628985600,44.1525,54.7225,43.4,53.53,75729833.25699995,24771341.878712527,NaN,NaN,NaN,NaN,NaN,NaN
1629072000,53.53,69.6525,52.3425,62.12,161715558.14150017,31953424.150737535,NaN,NaN,NaN,NaN,NaN,NaN
1629158400,62.12,75,58.4425,64.1075,178985187.06374997,40159874.28046254,NaN,NaN,NaN,NaN,NaN,NaN
1629244800,64.1075,80.5175,59.8,72.7,182819149.90475,48353229.27877504,NaN,NaN,NaN,NaN,NaN,NaN
1629331200,72.7,75.35,68.285,72.805,124022384.94874987,53525256.35027503,NaN,NaN,NaN,NaN,NaN,NaN
1629417600,72.805,79.9925,70.9475,78.6875,82046361.80974989,56556032.54818753,NaN,NaN,NaN,NaN,NaN,NaN
1629504000,78.6875,81.9275,72.6625,73.9175,75893251.65225008,59172689.10350003,NaN,NaN,NaN,NaN,NaN,NaN
1629590400,73.9175,77.6475,71.1925,72.7825,61004341.28450002,61398465.75420004,NaN,NaN,NaN,NaN,NaN,NaN
1629676800,72.7825,76.7775,71.5475,75.6375,75990910.49075001,64067174.13225005,NaN,NaN,NaN,NaN,NaN,NaN
1629763200,75.6375,79.47,68.28,70.5125,122334181.28949992,69374482.42871255,NaN,NaN,NaN,NaN,NaN,NaN
1629849600,70.5125,72.7975,66.1,72.0125,77756899.36524995,71556989.78201254,NaN,NaN,NaN,NaN,NaN,NaN
1629936000,72.0125,78.38,66.22,74.88,161440515.56249997,78364880.96151254,NaN,NaN,NaN,NaN,NaN,NaN
1630022400,74.88,88.9125,72.5475,88.0825,147972949.5852503,84505017.27043755,NaN,NaN,NaN,NaN,NaN,NaN
1630108800,88.0825,97.855,85.6275,96.2075,125653928.885225,89944134.4442988,NaN,NaN,NaN,NaN,NaN,NaN
1630195200,96.25,97.85,90.265,94.275,90497930.57792518,93580243.07673256,NaN,NaN,NaN,NaN,NaN,NaN
1630281600,94.275,116.3825,93.7075,110.2475,258541474.6985752,105270715.60987383,NaN,NaN,NaN,NaN,NaN,NaN
1630368000,110.2475,130.0875,103.145,108.2425,391005057.04712474,123329713.68474257,NaN,NaN,NaN,NaN,NaN,NaN
1630454400,108.2425,119.5625,105.85,110.82,205017601.38934937,132268103.28517254,NaN,NaN,NaN,NaN,NaN,NaN
1630540800,110.82,132.2,109.3175,128.27,228013813.68554997,142364367.5806125,NaN,NaN,NaN,NaN,NaN,NaN
1630627200,128.27,149,128.185,146.46,299921910.5163758,156318162.0577813,NaN,NaN,NaN,NaN,NaN,NaN
1630713600,146.46,150.81,136,139.015,153701870.37857473,160216763.91386005,NaN,NaN,NaN,NaN,NaN,NaN
1630800000,139.015,145.0475,134.74,142.125,114592349.66827504,157860603.4901988,NaN,NaN,NaN,NaN,NaN,NaN
1630886400,142.125,166.055,137.1925,164.26,220010214.76174992,159911854.8750988,NaN,NaN,NaN,NaN,NaN,NaN
1630972800,164.26,195,124.15,173.515,744961809.184673,188018987.83909494,NaN,NaN,NaN,NaN,NaN,NaN
1631059200,173.515,198.2125,146.6825,190.9625,571066472.0474495,210371192.19402993,NaN,NaN,NaN,NaN,NaN,NaN
1631145600,190.9625,216,177.85,187.7125,624323742.3427496,237485061.2206799,NaN,NaN,NaN,NaN,NaN,NaN
1631232000,187.7125,197.3675,168,179.5175,367920355.62927485,252086416.41953117,NaN,NaN,NaN,NaN,NaN,NaN
1631318400,179.5175,193.3375,170,178.99,277059140.95177495,262889156.40289488,NaN,NaN,NaN,NaN,NaN,NaN
1631404800,179.0425,181.685,164.8025,174.275,185505430.46979976,268364882.40184736,NaN,NaN,NaN,NaN,NaN,NaN
1631491200,174.2925,180,150.4,169.6925,385976592.5211001,281547002.96342736,NaN,NaN,NaN,NaN,NaN,NaN
1631577600,169.65,172.5325,142.42,158.7775,462475906.9645754,300782953.3433937,NaN,NaN,NaN,NaN,NaN,NaN
1631664000,158.7775,168.0575,154.0175,158.95,268905674.74132496,306156211.3023349,NaN,NaN,NaN,NaN,NaN,NaN
1631750400,158.95,163.305,147.2975,152.1825,213113149.08364978,309413221.27725494,NaN,NaN,NaN,NaN,NaN,NaN
1631836800,152.175,153.5375,133.6175,147.55,309339329.1709999,318597491.2915436,NaN,NaN,NaN,NaN,NaN,NaN
1631923200,147.5825,172.0025,144.1875,169.235,278281013.7781748,327986645.4515561,NaN,NaN,NaN,NaN,NaN,NaN
1632009600,169.235,170.96,150.7375,152.85,206746487.3540254,325396896.08432865,NaN,NaN,NaN,NaN,NaN,NaN
1632096000,152.85,153.43,130.4,132.6925,451827719.579425,328438029.21094364,NaN,NaN,NaN,NaN,NaN,NaN
1632182400,132.69,144.6125,115.88,124.1775,450856269.8734997,340729962.6351512,NaN,NaN,NaN,NaN,NaN,NaN
1632268800,124.1825,151.6875,122.055,148.1225,348978415.9291996,346778192.74733365,NaN,NaN,NaN,NaN,NaN,NaN
1632355200,148.1225,152.545,142.95,150.005,230197813.89252523,343291987.91614115,NaN,NaN,NaN,NaN,NaN,NaN
1632441600,150,151.4175,128.1725,139.235,277967166.14117503,349505252.7042712,NaN,NaN,NaN,NaN,NaN,NaN
1632528000,139.235,144.135,133.54,136.17,144746739.58029988,351012972.1998725,NaN,NaN,NaN,NaN,NaN,NaN
1632614400,136.17,140.8,124.7425,135.69,209369405.93200022,350480931.758385,NaN,NaN,NaN,NaN,NaN,NaN
1632700800,135.6925,149,133.805,136.325,192943523.24305,322880017.46130383,NaN,NaN,NaN,NaN,NaN,NaN
1632787200,136.325,139.3675,128.0625,132.1525,188453895.74307457,303749388.6460851,NaN,NaN,NaN,NaN,NaN,NaN
1632873600,132.1275,140.1125,131.1075,135.265,154993747.51252508,280282888.9045738,NaN,NaN,NaN,NaN,NaN,NaN
1632960000,135.2625,143.0275,134.005,141.3225,133023301.91820018,268538036.2190201,NaN,NaN,NaN,NaN,NaN,NaN
1633046400,141.325,165.0975,138.005,161.6875,279349252.61967486,268652541.80241513,NaN,NaN,NaN,NaN,NaN,NaN
1633132800,161.6875,174.99,156.2,169.005,167741847.69382474,267764362.66361636,NaN,NaN,NaN,NaN,NaN,NaN
1633219200,169.005,177.875,165.1,173.0675,167551535.0086001,256843109.78799137,NaN,NaN,NaN,NaN,NaN,NaN
1633305600,173.0675,173.1625,161.9975,167.195,215067271.0758249,244472677.99355382,NaN,NaN,NaN,NaN,NaN,NaN
1633392000,167.195,170.225,159.6275,164.665,160846913.5741268,239069739.93519393,NaN,NaN,NaN,NaN,NaN,NaN
1633478400,164.6725,165.4875,150.2025,153.94,219192717.66347608,239373718.36418524,NaN,NaN,NaN,NaN,NaN,NaN
1633564800,153.97,161.57,150.41,154.3525,154177199.4752264,231615611.8793966,NaN,NaN,NaN,NaN,NaN,NaN
1633651200,154.3525,168.95,152.3525,158.81,182352287.76305175,226819175.57864046,NaN,NaN,NaN,NaN,NaN,NaN
1633737600,158.8125,160.1,156.17,157.24,10598100.457175,217011756.23379794,NaN,NaN,NaN,NaN,NaN,NaN